semanticType,sourceFamily,targetFamily,count
CAUSAL,BIO-F01,BIO-F01,3
CAUSAL,BIO-F01,BIO-F05,2
CAUSAL,BIO-F01,PSY-F06,1
CAUSAL,BIO-F02,BIO-F02,2
CAUSAL,BIO-F03,BIO-F04,1
CAUSAL,BIO-F03,BIO-F05,1
CAUSAL,BIO-F04,BIO-F05,1
CAUSAL,BIO-F05,BIO-F01,1
CAUSAL,BIO-F05,BIO-F02,1
CAUSAL,BIO-F05,PSY-F06,1
CAUSAL,BIO-F05,PSY-F09,1
CAUSAL,BIO-F06,BIO-F06,1
CAUSAL,BIO-F06,SOC-F03,1
CAUSAL,BIO-F07,SOC-F09,1
CAUSAL,BIO-F08,BIO-F05,1
CAUSAL,BIO-F08,BIO-F08,1
CAUSAL,BIO-F13,BIO-F01,1
CAUSAL,BIO-F13,BIO-F05,3
CAUSAL,BIO-F14,BIO-F05,2
CAUSAL,CUL-F01,CUL-F03,2
CAUSAL,CUL-F03,CUL-F03,2
CAUSAL,CUL-F03,SOC-F01,2
CAUSAL,CUL-F04,CUL-F04,1
CAUSAL,CUL-F04,CUL-F11,1
CAUSAL,CUL-F04,CUL-F12,2
CAUSAL,CUL-F04,PSY-F11,1
CAUSAL,CUL-F04,SOC-F06,1
CAUSAL,CUL-F05,CUL-F05,2
CAUSAL,CUL-F06,CUL-F03,2
CAUSAL,CUL-F06,CUL-F04,1
CAUSAL,CUL-F06,CUL-F11,1
CAUSAL,CUL-F06,CUL-F13,1
CAUSAL,CUL-F07,CUL-F07,3
CAUSAL,CUL-F07,CUL-F13,3
CAUSAL,CUL-F08,CUL-F03,1
CAUSAL,CUL-F08,CUL-F08,2
CAUSAL,CUL-F09,CUL-F09,3
CAUSAL,CUL-F09,PSY-F12,2
CAUSAL,CUL-F10,CUL-F04,1
CAUSAL,CUL-F10,CUL-F10,2
CAUSAL,CUL-F10,PSY-F05,1
CAUSAL,CUL-F11,CUL-F02,1
CAUSAL,CUL-F11,CUL-F03,1
CAUSAL,CUL-F11,CUL-F07,1
CAUSAL,CUL-F11,CUL-F11,1
CAUSAL,CUL-F11,CUL-F13,1
CAUSAL,CUL-F11,PSY-F13,1
CAUSAL,CUL-F12,CUL-F12,3
CAUSAL,CUL-F12,INF-F04,1
CAUSAL,CUL-F13,CUL-F03,1
CAUSAL,CUL-F13,CUL-F06,1
CAUSAL,CUL-F13,CUL-F13,4
CAUSAL,CUL-F13,PSY-F11,1
CAUSAL,CUL-F13,SOC-F01,1
CAUSAL,ENV-F01,ENV-F01,2
CAUSAL,ENV-F02,ENV-F01,1
CAUSAL,ENV-F02,ENV-F02,1
CAUSAL,ENV-F02,ENV-F11,2
CAUSAL,ENV-F02,ENV-F13,1
CAUSAL,ENV-F03,ENV-F04,2
CAUSAL,ENV-F03,ENV-F11,1
CAUSAL,ENV-F05,ENV-F05,1
CAUSAL,ENV-F05,ENV-F11,1
CAUSAL,ENV-F06,BIO-F01,2
CAUSAL,ENV-F06,ENV-F06,4
CAUSAL,ENV-F06,PSY-F06,1
CAUSAL,ENV-F07,BIO-F04,1
CAUSAL,ENV-F07,ENV-F07,2
CAUSAL,ENV-F08,ENV-F08,4
CAUSAL,ENV-F09,ENV-F09,2
CAUSAL,ENV-F10,ENV-F01,2
CAUSAL,ENV-F10,ENV-F07,1
CAUSAL,ENV-F11,ENV-F03,1
CAUSAL,ENV-F11,ENV-F11,3
CAUSAL,ENV-F11,ENV-F13,1
CAUSAL,ENV-F12,BIO-F03,1
CAUSAL,ENV-F12,ENV-F04,1
CAUSAL,ENV-F12,ENV-F06,1
CAUSAL,ENV-F12,ENV-F12,1
CAUSAL,ENV-F12,PSY-F02,1
CAUSAL,ENV-F13,ENV-F02,1
CAUSAL,ENV-F13,ENV-F12,2
CAUSAL,ENV-F13,ENV-F13,1
CAUSAL,ENV-F13,INS-F13,1
CAUSAL,INF-F01,INF-F01,2
CAUSAL,INF-F01,INF-F03,1
CAUSAL,INF-F01,SOC-F09,1
CAUSAL,INF-F02,INF-F02,2
CAUSAL,INF-F03,INF-F03,4
CAUSAL,INF-F03,PSY-F06,1
CAUSAL,INF-F03,PSY-F13,2
CAUSAL,INF-F04,INF-F03,1
CAUSAL,INF-F04,PSY-F10,1
CAUSAL,INF-F05,INF-F05,2
CAUSAL,INF-F05,INF-F06,1
CAUSAL,INF-F05,PSY-F13,1
CAUSAL,INF-F06,INF-F06,2
CAUSAL,INF-F06,PSY-F13,1
CAUSAL,INF-F07,INF-F01,1
CAUSAL,INF-F07,INF-F07,2
CAUSAL,INF-F07,INF-F12,1
CAUSAL,INF-F07,PSY-F07,1
CAUSAL,INF-F08,INF-F08,3
CAUSAL,INF-F08,PSY-F06,1
CAUSAL,INF-F09,INF-F09,1
CAUSAL,INF-F10,INF-F08,1
CAUSAL,INF-F10,INF-F13,1
CAUSAL,INF-F10,PSY-F02,2
CAUSAL,INF-F11,INF-F11,2
CAUSAL,INF-F12,INF-F12,3
CAUSAL,INF-F12,PSY-F07,1
CAUSAL,INF-F12,PSY-F13,1
CAUSAL,INF-F13,INF-F13,3
CAUSAL,INF-F13,PSY-F02,1
CAUSAL,INF-F13,PSY-F09,1
CAUSAL,INS-F01,INS-F01,1
CAUSAL,INS-F01,INS-F05,1
CAUSAL,INS-F01,INS-F06,1
CAUSAL,INS-F01,INS-F07,1
CAUSAL,INS-F01,INS-F09,1
CAUSAL,INS-F02,INS-F02,1
CAUSAL,INS-F02,INS-F05,1
CAUSAL,INS-F03,INS-F03,4
CAUSAL,INS-F03,INS-F07,1
CAUSAL,INS-F04,INS-F01,1
CAUSAL,INS-F04,INS-F04,1
CAUSAL,INS-F04,INS-F06,1
CAUSAL,INS-F04,INS-F11,1
CAUSAL,INS-F04,INS-F13,1
CAUSAL,INS-F05,INS-F05,2
CAUSAL,INS-F05,INS-F08,1
CAUSAL,INS-F05,PSY-F03,1
CAUSAL,INS-F05,PSY-F12,1
CAUSAL,INS-F05,TEC-F09,1
CAUSAL,INS-F05,TEC-F12,1
CAUSAL,INS-F05,TEC-F13,1
CAUSAL,INS-F06,INF-F01,1
CAUSAL,INS-F06,INS-F01,1
CAUSAL,INS-F06,INS-F06,1
CAUSAL,INS-F06,PSY-F03,1
CAUSAL,INS-F06,SOC-F01,1
CAUSAL,INS-F07,INS-F01,1
CAUSAL,INS-F07,INS-F13,2
CAUSAL,INS-F07,SOC-F12,1
CAUSAL,INS-F08,INS-F08,2
CAUSAL,INS-F08,INS-F10,1
CAUSAL,INS-F09,PSY-F03,1
CAUSAL,INS-F09,SOC-F07,1
CAUSAL,INS-F09,TEC-F04,1
CAUSAL,INS-F10,INS-F10,2
CAUSAL,INS-F10,INS-F13,1
CAUSAL,INS-F10,PSY-F03,1
CAUSAL,INS-F11,INS-F11,2
CAUSAL,INS-F11,SOC-F10,1
CAUSAL,INS-F12,INS-F09,1
CAUSAL,INS-F12,INS-F12,2
CAUSAL,INS-F13,ENV-F13,1
CAUSAL,INS-F13,INS-F09,1
CAUSAL,INS-F13,INS-F13,4
CAUSAL,INS-F13,PSY-F03,1
CAUSAL,PSY-F01,PSY-F01,2
CAUSAL,PSY-F01,PSY-F04,2
CAUSAL,PSY-F01,PSY-F06,1
CAUSAL,PSY-F02,PSY-F02,1
CAUSAL,PSY-F02,PSY-F04,3
CAUSAL,PSY-F02,PSY-F05,2
CAUSAL,PSY-F03,BIO-F02,1
CAUSAL,PSY-F03,PSY-F02,1
CAUSAL,PSY-F03,PSY-F03,3
CAUSAL,PSY-F03,PSY-F04,3
CAUSAL,PSY-F03,PSY-F05,1
CAUSAL,PSY-F03,SOC-F01,1
CAUSAL,PSY-F03,SOC-F05,1
CAUSAL,PSY-F04,PSY-F04,5
CAUSAL,PSY-F04,PSY-F09,1
CAUSAL,PSY-F05,BIO-F02,1
CAUSAL,PSY-F05,PSY-F06,1
CAUSAL,PSY-F05,PSY-F10,2
CAUSAL,PSY-F06,PSY-F05,1
CAUSAL,PSY-F06,PSY-F06,2
CAUSAL,PSY-F06,PSY-F07,1
CAUSAL,PSY-F06,PSY-F13,1
CAUSAL,PSY-F06,SOC-F09,1
CAUSAL,PSY-F07,PSY-F13,1
CAUSAL,PSY-F08,PSY-F08,2
CAUSAL,PSY-F09,PSY-F05,1
CAUSAL,PSY-F09,PSY-F06,1
CAUSAL,PSY-F09,PSY-F08,1
CAUSAL,PSY-F09,PSY-F09,1
CAUSAL,PSY-F11,PSY-F05,1
CAUSAL,PSY-F11,PSY-F11,1
CAUSAL,PSY-F11,PSY-F13,1
CAUSAL,PSY-F11,SOC-F05,1
CAUSAL,PSY-F12,PSY-F04,1
CAUSAL,PSY-F12,PSY-F05,1
CAUSAL,PSY-F12,PSY-F12,1
CAUSAL,PSY-F12,PSY-F13,1
CAUSAL,PSY-F12,SOC-F01,1
CAUSAL,PSY-F13,PSY-F01,4
CAUSAL,PSY-F13,PSY-F13,1
CAUSAL,PSY-F14,PSY-F04,1
CAUSAL,PSY-F14,PSY-F05,3
CAUSAL,PSY-F14,PSY-F06,1
CAUSAL,PSY-F14,PSY-F09,1
CAUSAL,PSY-F14,PSY-F10,1
CAUSAL,PSY-F14,PSY-F13,1
CAUSAL,SOC-F01,INS-F09,1
CAUSAL,SOC-F01,INS-F10,1
CAUSAL,SOC-F01,PSY-F03,2
CAUSAL,SOC-F01,SOC-F01,5
CAUSAL,SOC-F01,SOC-F05,1
CAUSAL,SOC-F01,SOC-F09,1
CAUSAL,SOC-F02,SOC-F02,2
CAUSAL,SOC-F02,SOC-F08,1
CAUSAL,SOC-F02,SOC-F09,2
CAUSAL,SOC-F03,SOC-F03,2
CAUSAL,SOC-F03,SOC-F04,1
CAUSAL,SOC-F04,PSY-F03,1
CAUSAL,SOC-F04,PSY-F05,1
CAUSAL,SOC-F04,SOC-F04,5
CAUSAL,SOC-F05,SOC-F05,3
CAUSAL,SOC-F05,SOC-F09,1
CAUSAL,SOC-F06,SOC-F05,1
CAUSAL,SOC-F06,SOC-F06,2
CAUSAL,SOC-F06,SOC-F09,1
CAUSAL,SOC-F06,SOC-F10,1
CAUSAL,SOC-F07,SOC-F07,4
CAUSAL,SOC-F07,SOC-F08,1
CAUSAL,SOC-F08,SOC-F01,1
CAUSAL,SOC-F08,SOC-F08,1
CAUSAL,SOC-F09,SOC-F03,1
CAUSAL,SOC-F09,SOC-F09,5
CAUSAL,SOC-F09,SOC-F10,2
CAUSAL,SOC-F10,PSY-F02,1
CAUSAL,SOC-F10,SOC-F05,3
CAUSAL,SOC-F10,SOC-F10,3
CAUSAL,SOC-F11,PSY-F05,1
CAUSAL,SOC-F11,SOC-F01,1
CAUSAL,SOC-F11,SOC-F06,1
CAUSAL,SOC-F11,SOC-F10,2
CAUSAL,SOC-F12,PSY-F03,2
CAUSAL,SOC-F12,SOC-F12,7
CAUSAL,TEC-F01,TEC-F01,6
CAUSAL,TEC-F02,TEC-F02,4
CAUSAL,TEC-F03,TEC-F03,4
CAUSAL,TEC-F04,INF-F07,1
CAUSAL,TEC-F04,INF-F09,1
CAUSAL,TEC-F04,SOC-F07,1
CAUSAL,TEC-F04,TEC-F03,1
CAUSAL,TEC-F04,TEC-F04,3
CAUSAL,TEC-F05,PSY-F13,1
CAUSAL,TEC-F05,TEC-F05,1
CAUSAL,TEC-F05,TEC-F06,1
CAUSAL,TEC-F06,INF-F03,1
CAUSAL,TEC-F06,PSY-F02,1
CAUSAL,TEC-F06,TEC-F06,4
CAUSAL,TEC-F07,INF-F01,1
CAUSAL,TEC-F07,INF-F07,1
CAUSAL,TEC-F07,SOC-F11,2
CAUSAL,TEC-F07,TEC-F07,3
CAUSAL,TEC-F08,SOC-F02,1
CAUSAL,TEC-F08,TEC-F08,3
CAUSAL,TEC-F09,INF-F11,1
CAUSAL,TEC-F09,PSY-F09,1
CAUSAL,TEC-F09,SOC-F11,1
CAUSAL,TEC-F09,TEC-F09,2
CAUSAL,TEC-F09,TEC-F12,1
CAUSAL,TEC-F10,TEC-F10,3
CAUSAL,TEC-F11,TEC-F11,4
CAUSAL,TEC-F12,INS-F03,1
CAUSAL,TEC-F12,PSY-F02,1
CAUSAL,TEC-F12,TEC-F12,3
CAUSAL,TEC-F13,INF-F02,1
CAUSAL,TEC-F13,INF-F06,1
CAUSAL,TEC-F13,PSY-F13,1
CAUSAL,TEC-F13,TEC-F06,1
CAUSAL,TEC-F13,TEC-F13,3
COMPOSITIONAL,INF-F09,INF-F03,1
DERIVATIONAL,BIO-F01,BIO-F01,6
DERIVATIONAL,INF-F03,INF-F03,1
DERIVATIONAL,INF-F03,INF-F09,1
DERIVATIONAL,SOC-F03,SOC-F03,1
EMPIRICAL_NONCAUSAL,BIO-F01,BIO-F01,1
REALIZATION,TEC-F02,INF-F01,1
REALIZATION,TEC-F02,INS-F03,1
SEMANTIC,INF-F09,INF-F03,1
SEMANTIC,INF-F12,INF-F03,1
SEMANTIC,SOC-F03,SOC-F03,1
SEMANTIC,SOC-F04,SOC-F07,1
SEMANTIC,SOC-F05,SOC-F03,1
SEMANTIC,SOC-F07,SOC-F03,1
SEMANTIC,SOC-F07,SOC-F12,1
SEMANTIC,SOC-F12,SOC-F12,1
