familyId,name,layer,priorityScore,scoreComponents,status,governanceDecision,nextAction,rank
SOC-F07,Network Structure & Position,Social,75,"{""blockedEntities"": 12, ""isolatedEntities"": 7, ""isolatedFamily"": 0, ""legacyReviewBurden"": 7, ""noCrossLayer"": 0, ""rdsCausalSources"": 25, ""rdsComplexity"": 24}",NO_AUDIT_STATUS_IN_THIS_INVENTORY,PENDING,"Review recorded membership, RDS inputs and existing incident claims only after separate audit authorization",1
BIO-F01,Sleep & Circadian Regulation,Biological,42,"{""blockedEntities"": 15, ""isolatedEntities"": 6, ""isolatedFamily"": 0, ""legacyReviewBurden"": 6, ""noCrossLayer"": 0, ""rdsCausalSources"": 5, ""rdsComplexity"": 10}",EXISTING_PILOT_FOLLOWUP_ONLY,PENDING,"Review recorded membership, RDS inputs and existing incident claims only after separate audit authorization",2
INF-F03,"Clarity, Complexity & Completeness",Informational,35,"{""blockedEntities"": 6, ""isolatedEntities"": 2, ""isolatedFamily"": 0, ""legacyReviewBurden"": 9, ""noCrossLayer"": 0, ""rdsCausalSources"": 10, ""rdsComplexity"": 8}",NO_AUDIT_STATUS_IN_THIS_INVENTORY,PENDING,"Review recorded membership, RDS inputs and existing incident claims only after separate audit authorization",3
SOC-F10,"Coordination, Accountability & Collective Capacity",Social,26,"{""blockedEntities"": 0, ""isolatedEntities"": 2, ""isolatedFamily"": 0, ""legacyReviewBurden"": 10, ""noCrossLayer"": 0, ""rdsCausalSources"": 10, ""rdsComplexity"": 4}",NO_AUDIT_STATUS_IN_THIS_INVENTORY,PENDING,"Review recorded membership, RDS inputs and existing incident claims only after separate audit authorization",4
INS-F13,State Capacity & Legal-Institutional Quality,Institutional / Structural,22,"{""blockedEntities"": 0, ""isolatedEntities"": 3, ""isolatedFamily"": 0, ""legacyReviewBurden"": 10, ""noCrossLayer"": 0, ""rdsCausalSources"": 5, ""rdsComplexity"": 4}",NO_AUDIT_STATUS_IN_THIS_INVENTORY,PENDING,"Review recorded membership, RDS inputs and existing incident claims only after separate audit authorization",5
SOC-F03,Interaction & Relational Embeddedness,Social,22,"{""blockedEntities"": 6, ""isolatedEntities"": 7, ""isolatedFamily"": 0, ""legacyReviewBurden"": 5, ""noCrossLayer"": 0, ""rdsCausalSources"": 0, ""rdsComplexity"": 4}",NO_AUDIT_STATUS_IN_THIS_INVENTORY,PENDING,"Review recorded membership, RDS inputs and existing incident claims only after separate audit authorization",6
SOC-F06,"Status, Reputation & Relational Power",Social,22,"{""blockedEntities"": 0, ""isolatedEntities"": 4, ""isolatedFamily"": 0, ""legacyReviewBurden"": 7, ""noCrossLayer"": 0, ""rdsCausalSources"": 5, ""rdsComplexity"": 6}",NO_AUDIT_STATUS_IN_THIS_INVENTORY,PENDING,"Review recorded membership, RDS inputs and existing incident claims only after separate audit authorization",7
INS-F04,Organizational Structure & Work Design,Institutional / Structural,20,"{""blockedEntities"": 0, ""isolatedEntities"": 6, ""isolatedFamily"": 0, ""legacyReviewBurden"": 5, ""noCrossLayer"": 2, ""rdsCausalSources"": 5, ""rdsComplexity"": 2}",NO_AUDIT_STATUS_IN_THIS_INVENTORY,PENDING,"Review recorded membership, RDS inputs and existing incident claims only after separate audit authorization",8
SOC-F12,"Intergroup Contact, Boundaries & Competition",Social,20,"{""blockedEntities"": 0, ""isolatedEntities"": 1, ""isolatedFamily"": 0, ""legacyReviewBurden"": 10, ""noCrossLayer"": 0, ""rdsCausalSources"": 5, ""rdsComplexity"": 4}",NO_AUDIT_STATUS_IN_THIS_INVENTORY,PENDING,"Review recorded membership, RDS inputs and existing incident claims only after separate audit authorization",9
TEC-F02,Interface Choice Architecture,Technological,19,"{""blockedEntities"": 6, ""isolatedEntities"": 3, ""isolatedFamily"": 4, ""legacyReviewBurden"": 4, ""noCrossLayer"": 2, ""rdsCausalSources"": 0, ""rdsComplexity"": 0}",NO_AUDIT_STATUS_IN_THIS_INVENTORY,PENDING,"Review recorded membership, RDS inputs and existing incident claims only after separate audit authorization",10
CUL-F13,"Cultural Identity, Boundaries & Change",Cultural,18,"{""blockedEntities"": 0, ""isolatedEntities"": 1, ""isolatedFamily"": 0, ""legacyReviewBurden"": 10, ""noCrossLayer"": 0, ""rdsCausalSources"": 5, ""rdsComplexity"": 2}",NO_AUDIT_STATUS_IN_THIS_INVENTORY,PENDING,"Review recorded membership, RDS inputs and existing incident claims only after separate audit authorization",11
ENV-F08,"Air, Chemical & Environmental Quality",Physical / Environmental,18,"{""blockedEntities"": 0, ""isolatedEntities"": 8, ""isolatedFamily"": 4, ""legacyReviewBurden"": 4, ""noCrossLayer"": 2, ""rdsCausalSources"": 0, ""rdsComplexity"": 0}",NO_AUDIT_STATUS_IN_THIS_INVENTORY,PENDING,"Review recorded membership, RDS inputs and existing incident claims only after separate audit authorization",12
INS-F03,Administrative Burden & Procedural Friction,Institutional / Structural,18,"{""blockedEntities"": 6, ""isolatedEntities"": 4, ""isolatedFamily"": 0, ""legacyReviewBurden"": 6, ""noCrossLayer"": 0, ""rdsCausalSources"": 0, ""rdsComplexity"": 2}",NO_AUDIT_STATUS_IN_THIS_INVENTORY,PENDING,"Review recorded membership, RDS inputs and existing incident claims only after separate audit authorization",13
PSY-F05,Affect & Emotion,Psychological,17,"{""blockedEntities"": 0, ""isolatedEntities"": 7, ""isolatedFamily"": 0, ""legacyReviewBurden"": 10, ""noCrossLayer"": 0, ""rdsCausalSources"": 0, ""rdsComplexity"": 0}",NO_AUDIT_STATUS_IN_THIS_INVENTORY,PENDING,"Review recorded membership, RDS inputs and existing incident claims only after separate audit authorization",14
SOC-F04,"Inclusion, Support & Social Integration",Social,17,"{""blockedEntities"": 0, ""isolatedEntities"": 2, ""isolatedFamily"": 0, ""legacyReviewBurden"": 8, ""noCrossLayer"": 0, ""rdsCausalSources"": 5, ""rdsComplexity"": 2}",NO_AUDIT_STATUS_IN_THIS_INVENTORY,PENDING,"Review recorded membership, RDS inputs and existing incident claims only after separate audit authorization",15
INF-F01,Information Availability & Exposure,Informational,16,"{""blockedEntities"": 0, ""isolatedEntities"": 2, ""isolatedFamily"": 0, ""legacyReviewBurden"": 7, ""noCrossLayer"": 0, ""rdsCausalSources"": 5, ""rdsComplexity"": 2}",NO_AUDIT_STATUS_IN_THIS_INVENTORY,PENDING,"Review recorded membership, RDS inputs and existing incident claims only after separate audit authorization",16
PSY-F04,"Motivation, Goals & Psychological Needs",Psychological,16,"{""blockedEntities"": 0, ""isolatedEntities"": 4, ""isolatedFamily"": 0, ""legacyReviewBurden"": 10, ""noCrossLayer"": 2, ""rdsCausalSources"": 0, ""rdsComplexity"": 0}",NO_AUDIT_STATUS_IN_THIS_INVENTORY,PENDING,"Review recorded membership, RDS inputs and existing incident claims only after separate audit authorization",17
PSY-F12,"Agency, Attribution & Moral Judgment",Psychological,15,"{""blockedEntities"": 0, ""isolatedEntities"": 7, ""isolatedFamily"": 0, ""legacyReviewBurden"": 8, ""noCrossLayer"": 0, ""rdsCausalSources"": 0, ""rdsComplexity"": 0}",NO_AUDIT_STATUS_IN_THIS_INVENTORY,PENDING,"Review recorded membership, RDS inputs and existing incident claims only after separate audit authorization",18
SOC-F05,"Cooperation, Reciprocity & Mutual Dependence",Social,15,"{""blockedEntities"": 0, ""isolatedEntities"": 3, ""isolatedFamily"": 0, ""legacyReviewBurden"": 10, ""noCrossLayer"": 0, ""rdsCausalSources"": 0, ""rdsComplexity"": 2}",NO_AUDIT_STATUS_IN_THIS_INVENTORY,PENDING,"Review recorded membership, RDS inputs and existing incident claims only after separate audit authorization",19
INS-F01,Formal Rules & Authority Allocation,Institutional / Structural,14,"{""blockedEntities"": 0, ""isolatedEntities"": 4, ""isolatedFamily"": 0, ""legacyReviewBurden"": 8, ""noCrossLayer"": 2, ""rdsCausalSources"": 0, ""rdsComplexity"": 0}",NO_AUDIT_STATUS_IN_THIS_INVENTORY,PENDING,"Review recorded membership, RDS inputs and existing incident claims only after separate audit authorization",20
PSY-F09,"Planning, Self-Regulation & Executive Control",Psychological,14,"{""blockedEntities"": 0, ""isolatedEntities"": 3, ""isolatedFamily"": 0, ""legacyReviewBurden"": 9, ""noCrossLayer"": 0, ""rdsCausalSources"": 0, ""rdsComplexity"": 2}",NO_AUDIT_STATUS_IN_THIS_INVENTORY,PENDING,"Review recorded membership, RDS inputs and existing incident claims only after separate audit authorization",21
PSY-F14,Stable Dispositions & Temperament,Psychological,14,"{""blockedEntities"": 0, ""isolatedEntities"": 4, ""isolatedFamily"": 0, ""legacyReviewBurden"": 8, ""noCrossLayer"": 2, ""rdsCausalSources"": 0, ""rdsComplexity"": 0}",NO_AUDIT_STATUS_IN_THIS_INVENTORY,PENDING,"Review recorded membership, RDS inputs and existing incident claims only after separate audit authorization",22
CUL-F01,Shared Values & Moral Priorities,Cultural,13,"{""blockedEntities"": 0, ""isolatedEntities"": 9, ""isolatedFamily"": 0, ""legacyReviewBurden"": 2, ""noCrossLayer"": 2, ""rdsCausalSources"": 0, ""rdsComplexity"": 0}",NO_AUDIT_STATUS_IN_THIS_INVENTORY,PENDING,"Review recorded membership, RDS inputs and existing incident claims only after separate audit authorization",23
ENV-F11,"Hazards, Safety & Physical Security",Physical / Environmental,13,"{""blockedEntities"": 0, ""isolatedEntities"": 2, ""isolatedFamily"": 0, ""legacyReviewBurden"": 9, ""noCrossLayer"": 2, ""rdsCausalSources"": 0, ""rdsComplexity"": 0}",NO_AUDIT_STATUS_IN_THIS_INVENTORY,PENDING,"Review recorded membership, RDS inputs and existing incident claims only after separate audit authorization",24
INF-F12,"Veracity, Omission & Correction",Informational,13,"{""blockedEntities"": 0, ""isolatedEntities"": 0, ""isolatedFamily"": 0, ""legacyReviewBurden"": 6, ""noCrossLayer"": 0, ""rdsCausalSources"": 5, ""rdsComplexity"": 2}",NO_AUDIT_STATUS_IN_THIS_INVENTORY,PENDING,"Review recorded membership, RDS inputs and existing incident claims only after separate audit authorization",25
INS-F05,"Monitoring, Enforcement & Accountability",Institutional / Structural,13,"{""blockedEntities"": 0, ""isolatedEntities"": 3, ""isolatedFamily"": 0, ""legacyReviewBurden"": 10, ""noCrossLayer"": 0, ""rdsCausalSources"": 0, ""rdsComplexity"": 0}",NO_AUDIT_STATUS_IN_THIS_INVENTORY,PENDING,"Review recorded membership, RDS inputs and existing incident claims only after separate audit authorization",26
INS-F09,"Political Power, Rights & Differential Treatment",Institutional / Structural,13,"{""blockedEntities"": 0, ""isolatedEntities"": 6, ""isolatedFamily"": 0, ""legacyReviewBurden"": 7, ""noCrossLayer"": 0, ""rdsCausalSources"": 0, ""rdsComplexity"": 0}",NO_AUDIT_STATUS_IN_THIS_INVENTORY,PENDING,"Review recorded membership, RDS inputs and existing incident claims only after separate audit authorization",27
PSY-F03,Normative & Relational Perceptions,Psychological,13,"{""blockedEntities"": 0, ""isolatedEntities"": 3, ""isolatedFamily"": 0, ""legacyReviewBurden"": 10, ""noCrossLayer"": 0, ""rdsCausalSources"": 0, ""rdsComplexity"": 0}",NO_AUDIT_STATUS_IN_THIS_INVENTORY,PENDING,"Review recorded membership, RDS inputs and existing incident claims only after separate audit authorization",28
PSY-F06,Attention & Cognitive Processing,Psychological,13,"{""blockedEntities"": 0, ""isolatedEntities"": 3, ""isolatedFamily"": 0, ""legacyReviewBurden"": 10, ""noCrossLayer"": 0, ""rdsCausalSources"": 0, ""rdsComplexity"": 0}",NO_AUDIT_STATUS_IN_THIS_INVENTORY,PENDING,"Review recorded membership, RDS inputs and existing incident claims only after separate audit authorization",29
TEC-F01,"Access, Infrastructure & Interoperability",Technological,13,"{""blockedEntities"": 0, ""isolatedEntities"": 1, ""isolatedFamily"": 4, ""legacyReviewBurden"": 6, ""noCrossLayer"": 2, ""rdsCausalSources"": 0, ""rdsComplexity"": 0}",NO_AUDIT_STATUS_IN_THIS_INVENTORY,PENDING,"Review recorded membership, RDS inputs and existing incident claims only after separate audit authorization",30
BIO-F09,Endocrine & Reproductive Physiology,Biological,12,"{""blockedEntities"": 0, ""isolatedEntities"": 6, ""isolatedFamily"": 4, ""legacyReviewBurden"": 0, ""noCrossLayer"": 2, ""rdsCausalSources"": 0, ""rdsComplexity"": 0}",NO_AUDIT_STATUS_IN_THIS_INVENTORY,PENDING,"Review recorded membership, RDS inputs and existing incident claims only after separate audit authorization",31
CUL-F05,"Kinship, Family & Communal Obligation",Cultural,12,"{""blockedEntities"": 0, ""isolatedEntities"": 4, ""isolatedFamily"": 4, ""legacyReviewBurden"": 2, ""noCrossLayer"": 2, ""rdsCausalSources"": 0, ""rdsComplexity"": 0}",NO_AUDIT_STATUS_IN_THIS_INVENTORY,PENDING,"Review recorded membership, RDS inputs and existing incident claims only after separate audit authorization",32
ENV-F02,Mobility & Transport Infrastructure,Physical / Environmental,12,"{""blockedEntities"": 0, ""isolatedEntities"": 4, ""isolatedFamily"": 0, ""legacyReviewBurden"": 6, ""noCrossLayer"": 2, ""rdsCausalSources"": 0, ""rdsComplexity"": 0}",NO_AUDIT_STATUS_IN_THIS_INVENTORY,PENDING,"Review recorded membership, RDS inputs and existing incident claims only after separate audit authorization",33
ENV-F09,Natural Environment & Ecological Exposure,Physical / Environmental,12,"{""blockedEntities"": 0, ""isolatedEntities"": 4, ""isolatedFamily"": 4, ""legacyReviewBurden"": 2, ""noCrossLayer"": 2, ""rdsCausalSources"": 0, ""rdsComplexity"": 0}",NO_AUDIT_STATUS_IN_THIS_INVENTORY,PENDING,"Review recorded membership, RDS inputs and existing incident claims only after separate audit authorization",34
ENV-F12,Material Resources & Shelter,Physical / Environmental,12,"{""blockedEntities"": 0, ""isolatedEntities"": 5, ""isolatedFamily"": 0, ""legacyReviewBurden"": 7, ""noCrossLayer"": 0, ""rdsCausalSources"": 0, ""rdsComplexity"": 0}",NO_AUDIT_STATUS_IN_THIS_INVENTORY,PENDING,"Review recorded membership, RDS inputs and existing incident claims only after separate audit authorization",35
PSY-F01,"Beliefs, Attitudes & Outcome Expectancies",Psychological,12,"{""blockedEntities"": 0, ""isolatedEntities"": 1, ""isolatedFamily"": 0, ""legacyReviewBurden"": 9, ""noCrossLayer"": 2, ""rdsCausalSources"": 0, ""rdsComplexity"": 0}",NO_AUDIT_STATUS_IN_THIS_INVENTORY,PENDING,"Review recorded membership, RDS inputs and existing incident claims only after separate audit authorization",36
PSY-F11,"Self-Concept, Identity & Consistency",Psychological,12,"{""blockedEntities"": 0, ""isolatedEntities"": 6, ""isolatedFamily"": 0, ""legacyReviewBurden"": 6, ""noCrossLayer"": 0, ""rdsCausalSources"": 0, ""rdsComplexity"": 0}",NO_AUDIT_STATUS_IN_THIS_INVENTORY,PENDING,"Review recorded membership, RDS inputs and existing incident claims only after separate audit authorization",37
BIO-F05,"Fatigue, Pain & Physical Capacity",Biological,11,"{""blockedEntities"": 0, ""isolatedEntities"": 1, ""isolatedFamily"": 0, ""legacyReviewBurden"": 10, ""noCrossLayer"": 0, ""rdsCausalSources"": 0, ""rdsComplexity"": 0}",NO_AUDIT_STATUS_IN_THIS_INVENTORY,PENDING,"Review recorded membership, RDS inputs and existing incident claims only after separate audit authorization",38
BIO-F12,Neurological Integrity & Brain State,Biological,11,"{""blockedEntities"": 0, ""isolatedEntities"": 5, ""isolatedFamily"": 4, ""legacyReviewBurden"": 0, ""noCrossLayer"": 2, ""rdsCausalSources"": 0, ""rdsComplexity"": 0}",NO_AUDIT_STATUS_IN_THIS_INVENTORY,PENDING,"Review recorded membership, RDS inputs and existing incident claims only after separate audit authorization",39
CUL-F03,Norm Strength & Informal Rules,Cultural,11,"{""blockedEntities"": 0, ""isolatedEntities"": 1, ""isolatedFamily"": 0, ""legacyReviewBurden"": 10, ""noCrossLayer"": 0, ""rdsCausalSources"": 0, ""rdsComplexity"": 0}",NO_AUDIT_STATUS_IN_THIS_INVENTORY,PENDING,"Review recorded membership, RDS inputs and existing incident claims only after separate audit authorization",40
INS-F06,"Participation, Procedural Governance & Redress",Institutional / Structural,11,"{""blockedEntities"": 0, ""isolatedEntities"": 4, ""isolatedFamily"": 0, ""legacyReviewBurden"": 7, ""noCrossLayer"": 0, ""rdsCausalSources"": 0, ""rdsComplexity"": 0}",NO_AUDIT_STATUS_IN_THIS_INVENTORY,PENDING,"Review recorded membership, RDS inputs and existing incident claims only after separate audit authorization",41
PSY-F02,"Risk, Threat & Coping Appraisal",Psychological,11,"{""blockedEntities"": 0, ""isolatedEntities"": 1, ""isolatedFamily"": 0, ""legacyReviewBurden"": 10, ""noCrossLayer"": 0, ""rdsCausalSources"": 0, ""rdsComplexity"": 0}",NO_AUDIT_STATUS_IN_THIS_INVENTORY,PENDING,"Review recorded membership, RDS inputs and existing incident claims only after separate audit authorization",42
PSY-F10,"Decision Valuation Across Risk, Time & Effort",Psychological,11,"{""blockedEntities"": 0, ""isolatedEntities"": 7, ""isolatedFamily"": 0, ""legacyReviewBurden"": 4, ""noCrossLayer"": 0, ""rdsCausalSources"": 0, ""rdsComplexity"": 0}",NO_AUDIT_STATUS_IN_THIS_INVENTORY,PENDING,"Review recorded membership, RDS inputs and existing incident claims only after separate audit authorization",43
SOC-F01,Normative Climate & Informal Enforcement,Social,11,"{""blockedEntities"": 0, ""isolatedEntities"": 1, ""isolatedFamily"": 0, ""legacyReviewBurden"": 10, ""noCrossLayer"": 0, ""rdsCausalSources"": 0, ""rdsComplexity"": 0}",NO_AUDIT_STATUS_IN_THIS_INVENTORY,PENDING,"Review recorded membership, RDS inputs and existing incident claims only after separate audit authorization",44
SOC-F09,"Group Composition, Cohesion & Deliberation",Social,11,"{""blockedEntities"": 0, ""isolatedEntities"": 1, ""isolatedFamily"": 0, ""legacyReviewBurden"": 10, ""noCrossLayer"": 0, ""rdsCausalSources"": 0, ""rdsComplexity"": 0}",NO_AUDIT_STATUS_IN_THIS_INVENTORY,PENDING,"Review recorded membership, RDS inputs and existing incident claims only after separate audit authorization",45
TEC-F03,"Attention, Interruption & Temporal Control",Technological,11,"{""blockedEntities"": 3, ""isolatedEntities"": 1, ""isolatedFamily"": 0, ""legacyReviewBurden"": 5, ""noCrossLayer"": 2, ""rdsCausalSources"": 0, ""rdsComplexity"": 0}",NO_AUDIT_STATUS_IN_THIS_INVENTORY,PENDING,"Review recorded membership, RDS inputs and existing incident claims only after separate audit authorization",46
CUL-F07,"Collective Memory, Narrative & Symbolic Meaning",Cultural,10,"{""blockedEntities"": 0, ""isolatedEntities"": 1, ""isolatedFamily"": 0, ""legacyReviewBurden"": 7, ""noCrossLayer"": 2, ""rdsCausalSources"": 0, ""rdsComplexity"": 0}",NO_AUDIT_STATUS_IN_THIS_INVENTORY,PENDING,"Review recorded membership, RDS inputs and existing incident claims only after separate audit authorization",47
ENV-F01,Spatial Access & Proximity,Physical / Environmental,10,"{""blockedEntities"": 0, ""isolatedEntities"": 3, ""isolatedFamily"": 0, ""legacyReviewBurden"": 5, ""noCrossLayer"": 2, ""rdsCausalSources"": 0, ""rdsComplexity"": 0}",NO_AUDIT_STATUS_IN_THIS_INVENTORY,PENDING,"Review recorded membership, RDS inputs and existing incident claims only after separate audit authorization",48
ENV-F03,Built Form & Spatial Configuration,Physical / Environmental,10,"{""blockedEntities"": 0, ""isolatedEntities"": 4, ""isolatedFamily"": 0, ""legacyReviewBurden"": 4, ""noCrossLayer"": 2, ""rdsCausalSources"": 0, ""rdsComplexity"": 0}",NO_AUDIT_STATUS_IN_THIS_INVENTORY,PENDING,"Review recorded membership, RDS inputs and existing incident claims only after separate audit authorization",49
ENV-F06,"Acoustic, Visual & Vibrational Conditions",Physical / Environmental,10,"{""blockedEntities"": 0, ""isolatedEntities"": 3, ""isolatedFamily"": 0, ""legacyReviewBurden"": 7, ""noCrossLayer"": 0, ""rdsCausalSources"": 0, ""rdsComplexity"": 0}",NO_AUDIT_STATUS_IN_THIS_INVENTORY,PENDING,"Review recorded membership, RDS inputs and existing incident claims only after separate audit authorization",50
ENV-F07,"Thermal, Atmospheric & Weather Conditions",Physical / Environmental,10,"{""blockedEntities"": 0, ""isolatedEntities"": 6, ""isolatedFamily"": 0, ""legacyReviewBurden"": 4, ""noCrossLayer"": 0, ""rdsCausalSources"": 0, ""rdsComplexity"": 0}",NO_AUDIT_STATUS_IN_THIS_INVENTORY,PENDING,"Review recorded membership, RDS inputs and existing incident claims only after separate audit authorization",51
INS-F02,"Incentives, Sanctions & Payoffs",Institutional / Structural,10,"{""blockedEntities"": 0, ""isolatedEntities"": 6, ""isolatedFamily"": 0, ""legacyReviewBurden"": 2, ""noCrossLayer"": 2, ""rdsCausalSources"": 0, ""rdsComplexity"": 0}",NO_AUDIT_STATUS_IN_THIS_INVENTORY,PENDING,"Review recorded membership, RDS inputs and existing incident claims only after separate audit authorization",52
INS-F08,"Market, Labor & Transaction Structure",Institutional / Structural,10,"{""blockedEntities"": 0, ""isolatedEntities"": 4, ""isolatedFamily"": 0, ""legacyReviewBurden"": 4, ""noCrossLayer"": 2, ""rdsCausalSources"": 0, ""rdsComplexity"": 0}",NO_AUDIT_STATUS_IN_THIS_INVENTORY,PENDING,"Review recorded membership, RDS inputs and existing incident claims only after separate audit authorization",53
PSY-F13,Epistemic Trust & Persuasion,Psychological,10,"{""blockedEntities"": 0, ""isolatedEntities"": 0, ""isolatedFamily"": 0, ""legacyReviewBurden"": 10, ""noCrossLayer"": 0, ""rdsCausalSources"": 0, ""rdsComplexity"": 0}",NO_AUDIT_STATUS_IN_THIS_INVENTORY,PENDING,"Review recorded membership, RDS inputs and existing incident claims only after separate audit authorization",54
SOC-F08,Network Exposure & Social Diffusion,Social,10,"{""blockedEntities"": 0, ""isolatedEntities"": 4, ""isolatedFamily"": 0, ""legacyReviewBurden"": 4, ""noCrossLayer"": 2, ""rdsCausalSources"": 0, ""rdsComplexity"": 0}",NO_AUDIT_STATUS_IN_THIS_INVENTORY,PENDING,"Review recorded membership, RDS inputs and existing incident claims only after separate audit authorization",55
TEC-F07,Platform Social Affordances,Technological,10,"{""blockedEntities"": 0, ""isolatedEntities"": 3, ""isolatedFamily"": 0, ""legacyReviewBurden"": 7, ""noCrossLayer"": 0, ""rdsCausalSources"": 0, ""rdsComplexity"": 0}",NO_AUDIT_STATUS_IN_THIS_INVENTORY,PENDING,"Review recorded membership, RDS inputs and existing incident claims only after separate audit authorization",56
TEC-F11,"Immersion, Embodiment & Representation",Technological,10,"{""blockedEntities"": 0, ""isolatedEntities"": 0, ""isolatedFamily"": 4, ""legacyReviewBurden"": 4, ""noCrossLayer"": 2, ""rdsCausalSources"": 0, ""rdsComplexity"": 0}",NO_AUDIT_STATUS_IN_THIS_INVENTORY,PENDING,"Review recorded membership, RDS inputs and existing incident claims only after separate audit authorization",57
BIO-F03,Homeostatic & Interoceptive Regulation,Biological,9,"{""blockedEntities"": 0, ""isolatedEntities"": 6, ""isolatedFamily"": 0, ""legacyReviewBurden"": 3, ""noCrossLayer"": 0, ""rdsCausalSources"": 0, ""rdsComplexity"": 0}",NO_AUDIT_STATUS_IN_THIS_INVENTORY,PENDING,"Review recorded membership, RDS inputs and existing incident claims only after separate audit authorization",58
BIO-F10,"Neurodevelopment, Aging & Reserve",Biological,9,"{""blockedEntities"": 0, ""isolatedEntities"": 3, ""isolatedFamily"": 4, ""legacyReviewBurden"": 0, ""noCrossLayer"": 2, ""rdsCausalSources"": 0, ""rdsComplexity"": 0}",NO_AUDIT_STATUS_IN_THIS_INVENTORY,PENDING,"Review recorded membership, RDS inputs and existing incident claims only after separate audit authorization",59
BIO-F13,Psychoactive & Pharmacologic Effects,Biological,9,"{""blockedEntities"": 0, ""isolatedEntities"": 4, ""isolatedFamily"": 0, ""legacyReviewBurden"": 3, ""noCrossLayer"": 2, ""rdsCausalSources"": 0, ""rdsComplexity"": 0}",NO_AUDIT_STATUS_IN_THIS_INVENTORY,PENDING,"Review recorded membership, RDS inputs and existing incident claims only after separate audit authorization",60
CUL-F04,"Honor, Face, Dignity & Hierarchy Logics",Cultural,9,"{""blockedEntities"": 0, ""isolatedEntities"": 1, ""isolatedFamily"": 0, ""legacyReviewBurden"": 8, ""noCrossLayer"": 0, ""rdsCausalSources"": 0, ""rdsComplexity"": 0}",NO_AUDIT_STATUS_IN_THIS_INVENTORY,PENDING,"Review recorded membership, RDS inputs and existing incident claims only after separate audit authorization",61
CUL-F06,Cultural Transmission & Social Learning,Cultural,9,"{""blockedEntities"": 0, ""isolatedEntities"": 1, ""isolatedFamily"": 0, ""legacyReviewBurden"": 6, ""noCrossLayer"": 2, ""rdsCausalSources"": 0, ""rdsComplexity"": 0}",NO_AUDIT_STATUS_IN_THIS_INVENTORY,PENDING,"Review recorded membership, RDS inputs and existing incident claims only after separate audit authorization",62
CUL-F11,"Epistemic, Cognitive & Temporal Conventions",Cultural,9,"{""blockedEntities"": 0, ""isolatedEntities"": 1, ""isolatedFamily"": 0, ""legacyReviewBurden"": 8, ""noCrossLayer"": 0, ""rdsCausalSources"": 0, ""rdsComplexity"": 0}",NO_AUDIT_STATUS_IN_THIS_INVENTORY,PENDING,"Review recorded membership, RDS inputs and existing incident claims only after separate audit authorization",63
ENV-F04,Environmental Affordances & Legibility,Physical / Environmental,9,"{""blockedEntities"": 0, ""isolatedEntities"": 4, ""isolatedFamily"": 0, ""legacyReviewBurden"": 3, ""noCrossLayer"": 2, ""rdsCausalSources"": 0, ""rdsComplexity"": 0}",NO_AUDIT_STATUS_IN_THIS_INVENTORY,PENDING,"Review recorded membership, RDS inputs and existing incident claims only after separate audit authorization",64
ENV-F13,Physical Disruption & Passability,Physical / Environmental,9,"{""blockedEntities"": 0, ""isolatedEntities"": 1, ""isolatedFamily"": 0, ""legacyReviewBurden"": 8, ""noCrossLayer"": 0, ""rdsCausalSources"": 0, ""rdsComplexity"": 0}",NO_AUDIT_STATUS_IN_THIS_INVENTORY,PENDING,"Review recorded membership, RDS inputs and existing incident claims only after separate audit authorization",65
INF-F06,Source Disclosure & Provenance,Informational,9,"{""blockedEntities"": 0, ""isolatedEntities"": 4, ""isolatedFamily"": 0, ""legacyReviewBurden"": 5, ""noCrossLayer"": 0, ""rdsCausalSources"": 0, ""rdsComplexity"": 0}",NO_AUDIT_STATUS_IN_THIS_INVENTORY,PENDING,"Review recorded membership, RDS inputs and existing incident claims only after separate audit authorization",66
INS-F07,"Resource Distribution, Eligibility & Service Access",Institutional / Structural,9,"{""blockedEntities"": 0, ""isolatedEntities"": 3, ""isolatedFamily"": 0, ""legacyReviewBurden"": 6, ""noCrossLayer"": 0, ""rdsCausalSources"": 0, ""rdsComplexity"": 0}",NO_AUDIT_STATUS_IN_THIS_INVENTORY,PENDING,"Review recorded membership, RDS inputs and existing incident claims only after separate audit authorization",67
SOC-F11,Audience & Social Evaluation,Social,9,"{""blockedEntities"": 0, ""isolatedEntities"": 1, ""isolatedFamily"": 0, ""legacyReviewBurden"": 8, ""noCrossLayer"": 0, ""rdsCausalSources"": 0, ""rdsComplexity"": 0}",NO_AUDIT_STATUS_IN_THIS_INVENTORY,PENDING,"Review recorded membership, RDS inputs and existing incident claims only after separate audit authorization",68
TEC-F04,Algorithmic Curation & Adaptive Delivery,Technological,9,"{""blockedEntities"": 0, ""isolatedEntities"": 1, ""isolatedFamily"": 0, ""legacyReviewBurden"": 8, ""noCrossLayer"": 0, ""rdsCausalSources"": 0, ""rdsComplexity"": 0}",NO_AUDIT_STATUS_IN_THIS_INVENTORY,PENDING,"Review recorded membership, RDS inputs and existing incident claims only after separate audit authorization",69
TEC-F10,Human–AI Social Interaction,Technological,9,"{""blockedEntities"": 0, ""isolatedEntities"": 0, ""isolatedFamily"": 4, ""legacyReviewBurden"": 3, ""noCrossLayer"": 2, ""rdsCausalSources"": 0, ""rdsComplexity"": 0}",NO_AUDIT_STATUS_IN_THIS_INVENTORY,PENDING,"Review recorded membership, RDS inputs and existing incident claims only after separate audit authorization",70
TEC-F12,"Privacy, Security & Identity Architecture",Technological,9,"{""blockedEntities"": 0, ""isolatedEntities"": 2, ""isolatedFamily"": 0, ""legacyReviewBurden"": 7, ""noCrossLayer"": 0, ""rdsCausalSources"": 0, ""rdsComplexity"": 0}",NO_AUDIT_STATUS_IN_THIS_INVENTORY,PENDING,"Review recorded membership, RDS inputs and existing incident claims only after separate audit authorization",71
TEC-F13,Synthetic Media & Agentic Capabilities,Technological,9,"{""blockedEntities"": 0, ""isolatedEntities"": 1, ""isolatedFamily"": 0, ""legacyReviewBurden"": 8, ""noCrossLayer"": 0, ""rdsCausalSources"": 0, ""rdsComplexity"": 0}",NO_AUDIT_STATUS_IN_THIS_INVENTORY,PENDING,"Review recorded membership, RDS inputs and existing incident claims only after separate audit authorization",72
CUL-F02,"Selfhood, Agency & Relational Models",Cultural,8,"{""blockedEntities"": 0, ""isolatedEntities"": 5, ""isolatedFamily"": 0, ""legacyReviewBurden"": 1, ""noCrossLayer"": 2, ""rdsCausalSources"": 0, ""rdsComplexity"": 0}",NO_AUDIT_STATUS_IN_THIS_INVENTORY,PENDING,"Review recorded membership, RDS inputs and existing incident claims only after separate audit authorization",73
INF-F08,"Narrative, Exemplification & Vividness",Informational,8,"{""blockedEntities"": 0, ""isolatedEntities"": 3, ""isolatedFamily"": 0, ""legacyReviewBurden"": 5, ""noCrossLayer"": 0, ""rdsCausalSources"": 0, ""rdsComplexity"": 0}",NO_AUDIT_STATUS_IN_THIS_INVENTORY,PENDING,"Review recorded membership, RDS inputs and existing incident claims only after separate audit authorization",74
PSY-F07,"Knowledge, Memory & Mental Representation",Psychological,8,"{""blockedEntities"": 0, ""isolatedEntities"": 4, ""isolatedFamily"": 0, ""legacyReviewBurden"": 4, ""noCrossLayer"": 0, ""rdsCausalSources"": 0, ""rdsComplexity"": 0}",NO_AUDIT_STATUS_IN_THIS_INVENTORY,PENDING,"Review recorded membership, RDS inputs and existing incident claims only after separate audit authorization",75
TEC-F06,"Human Control, Explainability & AI Collaboration",Technological,8,"{""blockedEntities"": 0, ""isolatedEntities"": 0, ""isolatedFamily"": 0, ""legacyReviewBurden"": 8, ""noCrossLayer"": 0, ""rdsCausalSources"": 0, ""rdsComplexity"": 0}",NO_AUDIT_STATUS_IN_THIS_INVENTORY,PENDING,"Review recorded membership, RDS inputs and existing incident claims only after separate audit authorization",76
BIO-F08,"Nutritional, Metabolic & Hematologic Status",Biological,7,"{""blockedEntities"": 0, ""isolatedEntities"": 3, ""isolatedFamily"": 0, ""legacyReviewBurden"": 2, ""noCrossLayer"": 2, ""rdsCausalSources"": 0, ""rdsComplexity"": 0}",NO_AUDIT_STATUS_IN_THIS_INVENTORY,PENDING,"Review recorded membership, RDS inputs and existing incident claims only after separate audit authorization",77
BIO-F11,Stable Biological Susceptibility,Biological,7,"{""blockedEntities"": 0, ""isolatedEntities"": 1, ""isolatedFamily"": 4, ""legacyReviewBurden"": 0, ""noCrossLayer"": 2, ""rdsCausalSources"": 0, ""rdsComplexity"": 0}",NO_AUDIT_STATUS_IN_THIS_INVENTORY,PENDING,"Review recorded membership, RDS inputs and existing incident claims only after separate audit authorization",78
BIO-F14,Dependence & Withdrawal Physiology,Biological,7,"{""blockedEntities"": 0, ""isolatedEntities"": 3, ""isolatedFamily"": 0, ""legacyReviewBurden"": 2, ""noCrossLayer"": 2, ""rdsCausalSources"": 0, ""rdsComplexity"": 0}",NO_AUDIT_STATUS_IN_THIS_INVENTORY,PENDING,"Review recorded membership, RDS inputs and existing incident claims only after separate audit authorization",79
CUL-F09,"Sacredness, Taboo & Moral Boundaries",Cultural,7,"{""blockedEntities"": 0, ""isolatedEntities"": 2, ""isolatedFamily"": 0, ""legacyReviewBurden"": 5, ""noCrossLayer"": 0, ""rdsCausalSources"": 0, ""rdsComplexity"": 0}",NO_AUDIT_STATUS_IN_THIS_INVENTORY,PENDING,"Review recorded membership, RDS inputs and existing incident claims only after separate audit authorization",80
ENV-F05,"Density, Confinement & Privacy Conditions",Physical / Environmental,7,"{""blockedEntities"": 0, ""isolatedEntities"": 3, ""isolatedFamily"": 0, ""legacyReviewBurden"": 2, ""noCrossLayer"": 2, ""rdsCausalSources"": 0, ""rdsComplexity"": 0}",NO_AUDIT_STATUS_IN_THIS_INVENTORY,PENDING,"Review recorded membership, RDS inputs and existing incident claims only after separate audit authorization",81
INF-F04,Framing & Presentation,Informational,7,"{""blockedEntities"": 0, ""isolatedEntities"": 4, ""isolatedFamily"": 0, ""legacyReviewBurden"": 3, ""noCrossLayer"": 0, ""rdsCausalSources"": 0, ""rdsComplexity"": 0}",NO_AUDIT_STATUS_IN_THIS_INVENTORY,PENDING,"Review recorded membership, RDS inputs and existing incident claims only after separate audit authorization",82
INF-F05,Argument & Evidence Quality,Informational,7,"{""blockedEntities"": 0, ""isolatedEntities"": 3, ""isolatedFamily"": 0, ""legacyReviewBurden"": 4, ""noCrossLayer"": 0, ""rdsCausalSources"": 0, ""rdsComplexity"": 0}",NO_AUDIT_STATUS_IN_THIS_INVENTORY,PENDING,"Review recorded membership, RDS inputs and existing incident claims only after separate audit authorization",83
INF-F07,"Repetition, Timing & Sequence",Informational,7,"{""blockedEntities"": 0, ""isolatedEntities"": 0, ""isolatedFamily"": 0, ""legacyReviewBurden"": 7, ""noCrossLayer"": 0, ""rdsCausalSources"": 0, ""rdsComplexity"": 0}",NO_AUDIT_STATUS_IN_THIS_INVENTORY,PENDING,"Review recorded membership, RDS inputs and existing incident claims only after separate audit authorization",84
INS-F10,"Corruption, Patronage & Institutional Integrity",Institutional / Structural,7,"{""blockedEntities"": 0, ""isolatedEntities"": 1, ""isolatedFamily"": 0, ""legacyReviewBurden"": 6, ""noCrossLayer"": 0, ""rdsCausalSources"": 0, ""rdsComplexity"": 0}",NO_AUDIT_STATUS_IN_THIS_INVENTORY,PENDING,"Review recorded membership, RDS inputs and existing incident claims only after separate audit authorization",85
INS-F11,Interorganizational & Multilevel Governance,Institutional / Structural,7,"{""blockedEntities"": 0, ""isolatedEntities"": 3, ""isolatedFamily"": 0, ""legacyReviewBurden"": 4, ""noCrossLayer"": 0, ""rdsCausalSources"": 0, ""rdsComplexity"": 0}",NO_AUDIT_STATUS_IN_THIS_INVENTORY,PENDING,"Review recorded membership, RDS inputs and existing incident claims only after separate audit authorization",86
INS-F12,Policy Stability & Institutional Change,Institutional / Structural,7,"{""blockedEntities"": 0, ""isolatedEntities"": 2, ""isolatedFamily"": 0, ""legacyReviewBurden"": 3, ""noCrossLayer"": 2, ""rdsCausalSources"": 0, ""rdsComplexity"": 0}",NO_AUDIT_STATUS_IN_THIS_INVENTORY,PENDING,"Review recorded membership, RDS inputs and existing incident claims only after separate audit authorization",87
PSY-F08,"Learning, Habit & Automaticity",Psychological,7,"{""blockedEntities"": 0, ""isolatedEntities"": 2, ""isolatedFamily"": 0, ""legacyReviewBurden"": 3, ""noCrossLayer"": 2, ""rdsCausalSources"": 0, ""rdsComplexity"": 0}",NO_AUDIT_STATUS_IN_THIS_INVENTORY,PENDING,"Review recorded membership, RDS inputs and existing incident claims only after separate audit authorization",88
SOC-F02,Direct Social Influence Conditions,Social,7,"{""blockedEntities"": 0, ""isolatedEntities"": 1, ""isolatedFamily"": 0, ""legacyReviewBurden"": 6, ""noCrossLayer"": 0, ""rdsCausalSources"": 0, ""rdsComplexity"": 0}",NO_AUDIT_STATUS_IN_THIS_INVENTORY,PENDING,"Review recorded membership, RDS inputs and existing incident claims only after separate audit authorization",89
TEC-F09,"Sensing, Monitoring & Traceability",Technological,7,"{""blockedEntities"": 0, ""isolatedEntities"": 0, ""isolatedFamily"": 0, ""legacyReviewBurden"": 7, ""noCrossLayer"": 0, ""rdsCausalSources"": 0, ""rdsComplexity"": 0}",NO_AUDIT_STATUS_IN_THIS_INVENTORY,PENDING,"Review recorded membership, RDS inputs and existing incident claims only after separate audit authorization",90
BIO-F02,"Stress, Autonomic & Allostatic Physiology",Biological,6,"{""blockedEntities"": 0, ""isolatedEntities"": 1, ""isolatedFamily"": 0, ""legacyReviewBurden"": 5, ""noCrossLayer"": 0, ""rdsCausalSources"": 0, ""rdsComplexity"": 0}",NO_AUDIT_STATUS_IN_THIS_INVENTORY,PENDING,"Review recorded membership, RDS inputs and existing incident claims only after separate audit authorization",91
BIO-F04,Oxygenation & Thermoregulatory Physiology,Biological,6,"{""blockedEntities"": 0, ""isolatedEntities"": 3, ""isolatedFamily"": 0, ""legacyReviewBurden"": 3, ""noCrossLayer"": 0, ""rdsCausalSources"": 0, ""rdsComplexity"": 0}",NO_AUDIT_STATUS_IN_THIS_INVENTORY,PENDING,"Review recorded membership, RDS inputs and existing incident claims only after separate audit authorization",92
BIO-F07,Sensory & Vestibular Capacity,Biological,6,"{""blockedEntities"": 0, ""isolatedEntities"": 5, ""isolatedFamily"": 0, ""legacyReviewBurden"": 1, ""noCrossLayer"": 0, ""rdsCausalSources"": 0, ""rdsComplexity"": 0}",NO_AUDIT_STATUS_IN_THIS_INVENTORY,PENDING,"Review recorded membership, RDS inputs and existing incident claims only after separate audit authorization",93
CUL-F08,"Ritual, Tradition & Cultural Practice",Cultural,6,"{""blockedEntities"": 0, ""isolatedEntities"": 1, ""isolatedFamily"": 0, ""legacyReviewBurden"": 3, ""noCrossLayer"": 2, ""rdsCausalSources"": 0, ""rdsComplexity"": 0}",NO_AUDIT_STATUS_IN_THIS_INVENTORY,PENDING,"Review recorded membership, RDS inputs and existing incident claims only after separate audit authorization",94
CUL-F12,Language & Communication Conventions,Cultural,6,"{""blockedEntities"": 0, ""isolatedEntities"": 0, ""isolatedFamily"": 0, ""legacyReviewBurden"": 6, ""noCrossLayer"": 0, ""rdsCausalSources"": 0, ""rdsComplexity"": 0}",NO_AUDIT_STATUS_IN_THIS_INVENTORY,PENDING,"Review recorded membership, RDS inputs and existing incident claims only after separate audit authorization",95
ENV-F10,"Terrain, Topography & Geographic Barriers",Physical / Environmental,6,"{""blockedEntities"": 0, ""isolatedEntities"": 1, ""isolatedFamily"": 0, ""legacyReviewBurden"": 3, ""noCrossLayer"": 2, ""rdsCausalSources"": 0, ""rdsComplexity"": 0}",NO_AUDIT_STATUS_IN_THIS_INVENTORY,PENDING,"Review recorded membership, RDS inputs and existing incident claims only after separate audit authorization",96
INF-F09,"Relevance, Tailoring & Audience Match",Informational,6,"{""blockedEntities"": 0, ""isolatedEntities"": 2, ""isolatedFamily"": 0, ""legacyReviewBurden"": 2, ""noCrossLayer"": 0, ""rdsCausalSources"": 0, ""rdsComplexity"": 2}",NO_AUDIT_STATUS_IN_THIS_INVENTORY,PENDING,"Review recorded membership, RDS inputs and existing incident claims only after separate audit authorization",97
INF-F13,Action Guidance & Instructional Content,Informational,6,"{""blockedEntities"": 0, ""isolatedEntities"": 0, ""isolatedFamily"": 0, ""legacyReviewBurden"": 6, ""noCrossLayer"": 0, ""rdsCausalSources"": 0, ""rdsComplexity"": 0}",NO_AUDIT_STATUS_IN_THIS_INVENTORY,PENDING,"Review recorded membership, RDS inputs and existing incident claims only after separate audit authorization",98
TEC-F08,"Digital Feedback, Rewards & Gamification",Technological,6,"{""blockedEntities"": 0, ""isolatedEntities"": 2, ""isolatedFamily"": 0, ""legacyReviewBurden"": 4, ""noCrossLayer"": 0, ""rdsCausalSources"": 0, ""rdsComplexity"": 0}",NO_AUDIT_STATUS_IN_THIS_INVENTORY,PENDING,"Review recorded membership, RDS inputs and existing incident claims only after separate audit authorization",99
CUL-F10,Emotion Culture & Display Rules,Cultural,5,"{""blockedEntities"": 0, ""isolatedEntities"": 1, ""isolatedFamily"": 0, ""legacyReviewBurden"": 4, ""noCrossLayer"": 0, ""rdsCausalSources"": 0, ""rdsComplexity"": 0}",NO_AUDIT_STATUS_IN_THIS_INVENTORY,PENDING,"Review recorded membership, RDS inputs and existing incident claims only after separate audit authorization",100
INF-F10,"Risk, Threat & Efficacy Content",Informational,5,"{""blockedEntities"": 0, ""isolatedEntities"": 1, ""isolatedFamily"": 0, ""legacyReviewBurden"": 4, ""noCrossLayer"": 0, ""rdsCausalSources"": 0, ""rdsComplexity"": 0}",NO_AUDIT_STATUS_IN_THIS_INVENTORY,PENDING,"Review recorded membership, RDS inputs and existing incident claims only after separate audit authorization",101
TEC-F05,Automation Reliability & Decision Support,Technological,5,"{""blockedEntities"": 0, ""isolatedEntities"": 2, ""isolatedFamily"": 0, ""legacyReviewBurden"": 3, ""noCrossLayer"": 0, ""rdsCausalSources"": 0, ""rdsComplexity"": 0}",NO_AUDIT_STATUS_IN_THIS_INVENTORY,PENDING,"Review recorded membership, RDS inputs and existing incident claims only after separate audit authorization",102
INF-F02,"Information Volume, Density & Load",Informational,4,"{""blockedEntities"": 0, ""isolatedEntities"": 1, ""isolatedFamily"": 0, ""legacyReviewBurden"": 3, ""noCrossLayer"": 0, ""rdsCausalSources"": 0, ""rdsComplexity"": 0}",NO_AUDIT_STATUS_IN_THIS_INVENTORY,PENDING,"Review recorded membership, RDS inputs and existing incident claims only after separate audit authorization",103
BIO-F06,Immune & Inflammatory Physiology,Biological,3,"{""blockedEntities"": 0, ""isolatedEntities"": 1, ""isolatedFamily"": 0, ""legacyReviewBurden"": 2, ""noCrossLayer"": 0, ""rdsCausalSources"": 0, ""rdsComplexity"": 0}",NO_AUDIT_STATUS_IN_THIS_INVENTORY,PENDING,"Review recorded membership, RDS inputs and existing incident claims only after separate audit authorization",104
INF-F11,"Feedback, Comparison & Norm Claims",Informational,3,"{""blockedEntities"": 0, ""isolatedEntities"": 0, ""isolatedFamily"": 0, ""legacyReviewBurden"": 3, ""noCrossLayer"": 0, ""rdsCausalSources"": 0, ""rdsComplexity"": 0}",NO_AUDIT_STATUS_IN_THIS_INVENTORY,PENDING,"Review recorded membership, RDS inputs and existing incident claims only after separate audit authorization",105
